id,firstName,lastName,birthdate,isProcessed
1,NehaRaj,Limay,1964-10-19 14:11:03,N
2,Gaurav,Nene,1977-12-11 21:44:30,N
3,Sandeep,Joshi,1986-12-25 11:54:28,N
4,Parag,Rane,1959-07-24 06:00:16,N
5,Sachit,Patil,1956-09-14 06:49:28,N
6,Suchita,Vinchurkar,1984-08-30 04:18:10,N
7,Aditi,Nerkar,1973-02-04 05:26:05,N
8,Shankar,Parate,1953-04-26 11:16:26,N
9,Tania,Datta,1951-06-24 14:56:51,N
10,Sandhya,Potthuri,1953-08-27 13:15:08,N
11,Santosh,Pande,1957-09-05 21:36:47,N
12,Ajinkya,Deshpande,1979-01-21 18:31:27,N
13,Kiran,Giradkar,1965-07-18 15:05:22,N
14,Deepak,Patil,1990-09-11 15:52:54,N
15,Suraj,Bhamre,1979-06-01 06:58:54,N
16,Anup,Tarone,1990-07-02 17:36:35,N
17,Pradeep,Rodge,1959-12-19 20:23:12,N
18,Pawan,Bawankar,1984-12-27 10:36:49,N
19,Sheetal,Kale,1962-06-23 20:03:40,N
20,Reetisha,Hedau,1988-11-12 19:05:13,N